Transaction Date,Description,Debit,Credit
11/08/2023,AMZN Mktp US,41.37,
04/27/2023,  paypal *steam games  ,43.08,
08/21/2023,Unknown Charge 99,146.34,
08/16/2023,ACH Transfer,174.77,
04/29/2023,SHELL OIL 12345,16.94,
05/17/2023,Starbucks Store NY,195.23,
05/02/2023,COSTCO WHOLESALE,171.11,
04/09/2023,  ach transfer  ,20.3,
10/04/2023,  paypal *steam games  ,116.55,
06/19/2023,AMZN Mktp US,99.35,
10/31/2023,Unknown Charge 99,146.9,
12/23/2023,PAYPAL *STEAM GAMES,22.79,
07/29/2023,COSTCO WHOLESALE,166.98,
04/29/2023,Netflix.com,75.92,
08/05/2023,Trgt *Target,106.57,
08/06/2023,Starbucks Store NY,98.05,
03/30/2023,Trgt *Target,169.46,
09/14/2023,Unknown Charge 99,102.87,
02/04/2023,Uber Trip 2938,183.47,
03/09/2023,Netflix.com,92.31,
11/14/2023,ACH Transfer,186.93,
12/04/2023,ACH Transfer,60.89,
11/19/2023,Starbucks Store NY,179.2,
10/20/2023,Uber Trip 2938,143.21,
06/29/2023,UBER EATS,98.68,
06/22/2023,Starbucks Store NY,57.68,
09/19/2023,  ach transfer  ,26.46,
03/07/2023,PAYPAL *STEAM GAMES,77.28,
03/15/2023,Trgt *Target,152.08,
10/01/2023,Trgt *Target,139.88,
08/08/2023,UBER TRIP 2938,96.34,
10/13/2023,  amzn mktp us  ,106.84,
03/04/2023,Starbucks Store NY,129.72,
08/06/2023,PAYPAL *STEAM GAMES,154.54,
02/04/2023,ACH Transfer,159.1,
03/17/2023,UBER EATS,169.51,
05/25/2023,AMZN Mktp US,170.37,
03/04/2023,Starbucks Store NY,149.82,
04/03/2023,COSTCO WHOLESALE,138.22,
11/11/2023,  costco wholesale  ,144.4,
11/10/2023,Spotify USA,23.82,
11/24/2023,UNKNOWN CHARGE 99,187.32,
04/16/2023,AMAZON.COM*123,64.84,
04/30/2023,AMZN Mktp US,66.14,
01/15/2023,Netflix.com,184.02,
12/14/2023,UBER TRIP 2938,148.97,
01/18/2023,Unknown Charge 99,86.39,
12/09/2023,ACH Transfer,185.56,
12/20/2023,STARBUCKS #8329,178.56,
01/24/2023,Unknown Charge 99,49.95,
08/14/2023,Trgt *Target,113.25,
05/26/2023,STARBUCKS #8329,84.2,
01/17/2023,COSTCO WHOLESALE,117.33,
10/26/2023,UBER EATS,192.15,
02/08/2023,STARBUCKS #8329,108.12,
11/12/2023,STARBUCKS #8329,14.58,
05/26/2023,Spotify USA,136.91,
03/07/2023,Direct Dep - COMPANY INC,,4277.13
07/16/2023,ACH TRANSFER,53.54,
05/27/2023,Unknown Charge 99,135.39,
08/17/2023,  unknown charge 99  ,196.28,
03/09/2023,ACH Transfer,153.27,
04/26/2023,  uber trip 2938  ,18.44,
11/17/2023,ACH Transfer,137.04,
11/11/2023,Unknown Charge 99,35.33,
09/29/2023,UBER EATS,129.52,
09/22/2023,PAYPAL *STEAM GAMES,106.83,
10/16/2023,Trgt *Target,56.12,
09/17/2023,AMZN Mktp US,136.25,
05/02/2023,SPOTIFY USA,187.64,
10/16/2023,Uber Trip 2938,139.45,
12/21/2023,Amazon.com*123,180.07,
02/27/2023,SHELL OIL 12345,79.97,
03/20/2023,Amazon.com*123,187.78,
05/11/2023,Direct Dep - COMPANY INC,,2664.16
11/22/2023,STARBUCKS #8329,28.23,
10/28/2023,  direct dep - company inc  ,125.65,
09/22/2023,Spotify USA,111.43,
12/29/2023,Uber Trip 2938,100.89,
07/21/2023,AMZN Mktp US,11.16,
05/14/2023,UBER TRIP 2938,71.39,
06/14/2023,AMAZON.COM*123,8.4,
06/16/2023,  spotify usa  ,52.52,
02/16/2023,Unknown Charge 99,40.8,
05/08/2023,Starbucks Store NY,52.6,
05/13/2023,UBER EATS,188.66,
09/16/2023,Unknown Charge 99,190.89,
08/01/2023,Unknown Charge 99,141.66,
01/18/2023,STARBUCKS #8329,25.92,
10/13/2023,Spotify USA,11.92,
06/30/2023,Unknown Charge 99,74.53,
11/15/2023,AMZN Mktp US,128.42,
01/15/2023,Uber Trip 2938,184.4,
10/28/2023,  starbucks #8329  ,183.06,
11/03/2023,  paypal *steam games  ,59.7,
10/12/2023,UBER EATS,153.25,
06/10/2023,STARBUCKS #8329,117.85,
02/01/2023,UBER EATS,24.51,
12/01/2023,  trgt *target  ,86.59,
02/14/2023,STARBUCKS #8329,197.4,
07/08/2023,PAYPAL *STEAM GAMES,196.68,
08/16/2023,  starbucks store ny  ,47.14,
07/06/2023,Trgt *Target,142.52,
11/14/2023,  starbucks #8329  ,195.93,
12/05/2023,Netflix.com,13.83,
07/22/2023,Uber Trip 2938,192.22,
06/29/2023,Uber Trip 2938,158.02,
07/04/2023,Amazon.com*123,44.92,
02/05/2023,ACH Transfer,198.39,
05/06/2023,Unknown Charge 99,188.86,
09/27/2023,UBER EATS,162.85,
07/01/2023,Unknown Charge 99,155.26,
09/29/2023,  shell oil 12345  ,153.59,
04/11/2023,Unknown Charge 99,26.69,
10/16/2023,Trgt *Target,172.18,
02/01/2023,Amazon.com*123,141.44,
09/26/2023,ACH Transfer,111.62,
08/13/2023,Unknown Charge 99,61.99,
11/29/2023,ACH Transfer,25.78,
09/09/2023,Uber Trip 2938,79.96,
04/23/2023,Spotify USA,77.21,
10/21/2023,Starbucks Store NY,196.58,
09/09/2023,UBER EATS,123.6,
11/27/2023,Trgt *Target,113.63,
03/15/2023,Unknown Charge 99,54.91,
08/01/2023,SHELL OIL 12345,169.56,
09/11/2023,Unknown Charge 99,153.94,
11/09/2023,AMZN Mktp US,98.34,
12/08/2023,Amazon.com*123,162.97,
01/29/2023,Uber Trip 2938,168.27,
08/24/2023,  uber trip 2938  ,56.98,
04/14/2023,  starbucks store ny  ,85.36,
07/21/2023,UBER EATS,198.01,
03/07/2023,Spotify USA,21.31,
03/07/2023,Spotify USA,165.37,
11/19/2023,Starbucks Store NY,44.87,
03/02/2023,  amazon.com*123  ,98.83,
07/30/2023,Uber Trip 2938,192.25,
04/06/2023,Uber Trip 2938,72.94,
02/24/2023,  direct dep - company inc  ,79.89,
04/24/2023,UBER EATS,26.65,
09/04/2023,  uber trip 2938  ,69.5,
06/23/2023,Direct Dep - COMPANY INC,,4874.06
05/01/2023,  costco wholesale  ,109.73,
11/07/2023,AMZN Mktp US,25.29,
12/26/2023,  amazon.com*123  ,117.29,
01/13/2023,Direct Dep - COMPANY INC,,2221.49
02/28/2023,Spotify USA,141.04,
06/11/2023,  trgt *target  ,24.21,
03/27/2023,STARBUCKS STORE NY,124.27,
11/09/2023,  shell oil 12345  ,87.12,
12/16/2023,Trgt *Target,94.34,
08/24/2023,UBER EATS,59.67,
08/01/2023,  spotify usa  ,30.27,
10/10/2023,UBER EATS,83.3,
03/10/2023,UBER EATS,57.98,
09/29/2023,Amazon.com*123,13.15,
09/26/2023,Amazon.com*123,195.52,
03/11/2023,  ach transfer  ,17.04,
03/04/2023,Netflix.com,8.08,
11/06/2023,AMZN MKTP US,7.12,
12/05/2023,STARBUCKS #8329,82.97,
05/03/2023,UBER EATS,102.0,
12/19/2023,SHELL OIL 12345,184.72,
03/15/2023,  amazon.com*123  ,15.68,
03/03/2023,Starbucks Store NY,181.8,
11/24/2023,  uber trip 2938  ,95.95,
11/09/2023,Uber Trip 2938,150.72,
07/09/2023,Direct Dep - COMPANY INC,,3207.38
07/23/2023,  paypal *steam games  ,137.26,
05/30/2023,Starbucks Store NY,71.73,
06/11/2023,Uber Trip 2938,176.65,
09/15/2023,  uber eats  ,131.58,
04/14/2023,STARBUCKS #8329,45.58,
06/19/2023,STARBUCKS #8329,95.73,
11/13/2023,PAYPAL *STEAM GAMES,121.51,
07/02/2023,COSTCO WHOLESALE,33.61,
11/28/2023,Unknown Charge 99,87.47,
05/07/2023,Trgt *Target,128.05,
10/29/2023,TRGT *TARGET,85.17,
06/16/2023,STARBUCKS #8329,166.23,
08/20/2023,Spotify USA,57.28,
11/13/2023,Uber Trip 2938,55.4,
05/29/2023,PAYPAL *STEAM GAMES,32.06,
12/29/2023,STARBUCKS #8329,94.86,
01/15/2023,Uber Trip 2938,24.17,
12/08/2023,ACH Transfer,119.94,
01/12/2023,Spotify USA,48.22,
05/07/2023,UNKNOWN CHARGE 99,118.88,
01/17/2023,Spotify USA,144.71,
08/30/2023,Spotify USA,187.69,
03/12/2023,SHELL OIL 12345,57.91,
01/29/2023,Starbucks Store NY,97.67,
06/30/2023,Starbucks Store NY,96.91,
11/01/2023,Direct Dep - COMPANY INC,,4744.22
06/06/2023,  starbucks store ny  ,97.13,
12/12/2023,Unknown Charge 99,141.05,
07/23/2023,AMZN Mktp US,69.94,
05/20/2023,ACH Transfer,94.5,
10/19/2023,AMZN Mktp US,13.75,
08/20/2023,Amazon.com*123,27.9,
08/21/2023,Trgt *Target,158.76,
12/20/2023,  ach transfer  ,154.68,
05/11/2023,STARBUCKS #8329,68.4,
09/04/2023,COSTCO WHOLESALE,75.51,
07/22/2023,ACH TRANSFER,14.95,
10/24/2023,PAYPAL *STEAM GAMES,193.28,
12/10/2023,  paypal *steam games  ,67.23,
04/24/2023,  shell oil 12345  ,159.93,
06/14/2023,PAYPAL *STEAM GAMES,93.84,
09/16/2023,UBER EATS,168.22,
10/29/2023,COSTCO WHOLESALE,5.12,
03/04/2023,Starbucks Store NY,111.87,
05/23/2023,Uber Trip 2938,171.0,
07/18/2023,Amazon.com*123,142.35,
10/20/2023,SHELL OIL 12345,124.17,
08/16/2023,SHELL OIL 12345,29.78,
02/24/2023,Uber Trip 2938,103.52,
07/29/2023,  amzn mktp us  ,165.49,
02/26/2023,  ach transfer  ,103.48,
11/09/2023,PAYPAL *STEAM GAMES,140.83,
12/30/2023,Trgt *Target,36.83,
01/14/2023,PAYPAL *STEAM GAMES,161.86,
12/26/2023,Trgt *Target,47.58,
03/12/2023,Trgt *Target,124.83,
05/01/2023,Direct Dep - COMPANY INC,,4922.45
11/19/2023,Trgt *Target,67.95,
03/09/2023,Unknown Charge 99,145.52,
08/02/2023,COSTCO WHOLESALE,165.29,
09/03/2023,AMZN Mktp US,33.03,
06/14/2023,  costco wholesale  ,112.96,
03/16/2023,AMZN Mktp US,80.08,
11/28/2023,Uber Trip 2938,58.58,
01/04/2023,Direct Dep - COMPANY INC,,4839.29
09/18/2023,Uber Trip 2938,66.16,
04/08/2023,Amazon.com*123,155.12,
07/03/2023,AMZN Mktp US,151.18,
03/10/2023,STARBUCKS #8329,183.41,
09/21/2023,  direct dep - company inc  ,131.94,
09/23/2023,  starbucks store ny  ,153.79,
09/07/2023,  uber trip 2938  ,65.78,
12/16/2023,Amazon.com*123,99.7,
07/26/2023,Unknown Charge 99,115.13,
08/21/2023,Trgt *Target,167.9,
04/04/2023,AMZN Mktp US,110.64,
09/30/2023,UBER EATS,126.95,
12/12/2023,  direct dep - company inc  ,162.74,
01/22/2023,  uber trip 2938  ,18.49,
01/19/2023,Unknown Charge 99,166.97,
07/02/2023,Amazon.com*123,23.98,
02/21/2023,COSTCO WHOLESALE,199.08,
01/08/2023,COSTCO WHOLESALE,184.63,
10/27/2023,SHELL OIL 12345,135.83,
09/03/2023,SHELL OIL 12345,182.59,
06/10/2023,  starbucks store ny  ,45.85,
06/19/2023,ACH Transfer,105.36,
05/29/2023,SHELL OIL 12345,155.73,
08/29/2023,  costco wholesale  ,134.07,
01/04/2023,Trgt *Target,191.18,
03/05/2023,  shell oil 12345  ,199.9,
01/19/2023,PAYPAL *STEAM GAMES,120.97,
09/12/2023,Direct Dep - COMPANY INC,,2828.65
01/10/2023,UBER EATS,13.87,
05/18/2023,Starbucks Store NY,100.83,
12/14/2023,ACH Transfer,140.05,
12/13/2023,Unknown Charge 99,94.5,
06/22/2023,Amazon.com*123,71.89,
04/18/2023,Spotify USA,22.18,
09/10/2023,Unknown Charge 99,73.85,
06/15/2023,AMZN Mktp US,58.62,
04/05/2023,  paypal *steam games  ,191.52,
04/03/2023,UBER EATS,76.77,
06/05/2023,STARBUCKS #8329,167.74,
06/06/2023,SHELL OIL 12345,173.35,
03/13/2023,  starbucks #8329  ,57.46,
12/01/2023,  starbucks store ny  ,160.13,
07/19/2023,Starbucks Store NY,157.16,
04/26/2023,Unknown Charge 99,89.15,
09/21/2023,Trgt *Target,154.55,
10/24/2023,Spotify USA,86.65,
10/17/2023,Spotify USA,7.61,
08/27/2023,PAYPAL *STEAM GAMES,83.55,
03/13/2023,AMZN Mktp US,130.0,
07/08/2023,AMZN Mktp US,163.42,
04/19/2023,Trgt *Target,77.79,
08/01/2023,SHELL OIL 12345,20.91,
05/23/2023,Spotify USA,166.02,
01/15/2023,Trgt *Target,172.33,
12/02/2023,ACH Transfer,177.2,
04/11/2023,  trgt *target  ,100.78,
05/11/2023,Starbucks Store NY,147.38,
05/09/2023,STARBUCKS #8329,150.94,
11/16/2023,ACH Transfer,158.06,
02/17/2023,Trgt *Target,64.55,
06/12/2023,  starbucks store ny  ,150.96,
01/01/2023,Starbucks Store NY,42.69,
03/01/2023,ACH Transfer,100.15,
01/13/2023,STARBUCKS #8329,86.48,
03/10/2023,  spotify usa  ,190.76,
08/28/2023,  amazon.com*123  ,76.09,
03/22/2023,ACH Transfer,181.03,
08/18/2023,Trgt *Target,198.04,
11/04/2023,SHELL OIL 12345,186.35,
08/31/2023,  paypal *steam games  ,31.16,
03/29/2023,  starbucks store ny  ,21.84,
06/09/2023,AMZN Mktp US,125.05,
12/14/2023,PAYPAL *STEAM GAMES,34.88,
01/04/2023,Trgt *Target,95.02,
09/12/2023,  paypal *steam games  ,164.77,
02/07/2023,Amazon.com*123,148.29,
03/19/2023,Direct Dep - COMPANY INC,,4498.16
09/30/2023,COSTCO WHOLESALE,10.71,
03/06/2023,Unknown Charge 99,119.3,
11/17/2023,COSTCO WHOLESALE,22.05,
01/28/2023,  direct dep - company inc  ,61.84,
08/28/2023,  ach transfer  ,89.69,
12/20/2023,Trgt *Target,186.13,
04/21/2023,  paypal *steam games  ,90.75,
02/09/2023,  direct dep - company inc  ,102.52,
12/10/2023,Starbucks Store NY,29.88,
03/21/2023,Starbucks Store NY,74.3,
04/27/2023,SHELL OIL 12345,147.53,
11/30/2023,UNKNOWN CHARGE 99,103.5,
07/25/2023,UNKNOWN CHARGE 99,163.64,
01/14/2023,Trgt *Target,144.2,
12/19/2023,Spotify USA,65.01,
06/03/2023,PAYPAL *STEAM GAMES,96.01,
07/17/2023,  uber eats  ,199.98,
01/22/2023,Direct Dep - COMPANY INC,,4486.45
01/25/2023,Direct Dep - COMPANY INC,,4859.66
04/12/2023,Unknown Charge 99,77.52,
10/18/2023,UBER EATS,91.0,
08/12/2023,Uber Trip 2938,123.58,
10/19/2023,STARBUCKS #8329,41.35,
01/06/2023,AMZN Mktp US,35.6,
09/20/2023,Trgt *Target,60.19,
03/18/2023,UBER EATS,173.66,
01/21/2023,UBER EATS,125.54,
06/19/2023,PAYPAL *STEAM GAMES,131.16,
11/21/2023,  ach transfer  ,77.6,
05/27/2023,Trgt *Target,148.52,
06/06/2023,Spotify USA,110.11,
08/13/2023,  trgt *target  ,193.79,
09/01/2023,SHELL OIL 12345,30.31,
05/21/2023,  direct dep - company inc  ,44.84,
05/16/2023,Unknown Charge 99,85.18,
11/04/2023,SHELL OIL 12345,148.08,
11/07/2023,Starbucks Store NY,168.49,
02/10/2023,UBER EATS,106.61,
11/16/2023,Netflix.com,84.16,
08/25/2023,  ach transfer  ,57.91,
07/04/2023,UBER EATS,20.03,
10/28/2023,SHELL OIL 12345,151.49,
05/30/2023,  trgt *target  ,118.1,
02/08/2023,UBER EATS,19.07,
09/20/2023,Direct Dep - COMPANY INC,,4136.81
05/26/2023,  paypal *steam games  ,46.81,
10/14/2023,Trgt *Target,22.59,
01/17/2023,PAYPAL *STEAM GAMES,166.97,
03/22/2023,Spotify USA,160.9,
11/02/2023,Spotify USA,121.69,
12/23/2023,SHELL OIL 12345,42.99,
08/17/2023,  costco wholesale  ,176.32,
11/22/2023,Uber Trip 2938,103.98,
10/30/2023,Direct Dep - COMPANY INC,,3623.75
11/20/2023,  amzn mktp us  ,135.44,
11/08/2023,  unknown charge 99  ,152.16,
04/20/2023,Direct Dep - COMPANY INC,,2076.89
09/18/2023,ACH Transfer,120.19,
07/19/2023,Netflix.com,72.14,
07/08/2023,Spotify USA,189.7,
12/21/2023,Uber Trip 2938,25.53,
02/11/2023,  amzn mktp us  ,166.51,
01/18/2023,Spotify USA,186.25,
01/24/2023,  uber eats  ,59.98,
01/05/2023,Starbucks Store NY,142.46,
10/07/2023,STARBUCKS #8329,185.03,
03/15/2023,Spotify USA,191.48,
07/31/2023,  ach transfer  ,178.57,
11/11/2023,Amazon.com*123,39.84,
07/26/2023,UNKNOWN CHARGE 99,42.88,
05/30/2023,UBER EATS,105.96,
05/28/2023,Netflix.com,138.61,
10/01/2023,UBER EATS,43.19,
10/19/2023,Uber Trip 2938,160.78,
12/19/2023,Starbucks Store NY,103.4,
05/07/2023,  trgt *target  ,31.89,
10/11/2023,AMZN Mktp US,146.47,
04/11/2023,  amazon.com*123  ,89.31,
02/21/2023,Direct Dep - COMPANY INC,,4960.94
04/24/2023,Spotify USA,135.18,
02/07/2023,  ach transfer  ,139.44,
07/17/2023,Trgt *Target,84.87,
05/16/2023,Uber Trip 2938,140.68,
12/23/2023,  uber trip 2938  ,177.95,
04/25/2023,Uber Trip 2938,110.48,
01/14/2023,  starbucks store ny  ,27.22,
03/29/2023,  spotify usa  ,51.63,
02/21/2023,Direct Dep - COMPANY INC,,2881.26
01/15/2023,  starbucks store ny  ,94.82,
12/10/2023,Uber Trip 2938,138.45,
10/21/2023,AMZN Mktp US,109.13,
07/22/2023,Unknown Charge 99,148.07,
06/11/2023,  starbucks store ny  ,17.22,
07/27/2023,Trgt *Target,139.95,
11/23/2023,Starbucks Store NY,5.88,
11/15/2023,  unknown charge 99  ,99.29,
11/26/2023,Unknown Charge 99,100.58,
12/09/2023,UBER EATS,13.6,
03/19/2023,SPOTIFY USA,127.22,
01/21/2023,PAYPAL *STEAM GAMES,146.7,
05/17/2023,  costco wholesale  ,37.75,
04/18/2023,  shell oil 12345  ,191.37,
01/05/2023,Direct Dep - COMPANY INC,,3752.7
03/09/2023,STARBUCKS #8329,138.76,
02/06/2023,Spotify USA,89.15,
02/23/2023,UBER EATS,36.92,
01/13/2023,Trgt *Target,153.34,
09/10/2023,Netflix.com,26.37,
11/27/2023,ACH Transfer,124.59,
12/23/2023,SHELL OIL 12345,42.73,
09/24/2023,Amazon.com*123,196.43,
11/03/2023,SHELL OIL 12345,124.55,
12/05/2023,COSTCO WHOLESALE,125.77,
04/06/2023,Uber Trip 2938,78.04,
04/21/2023,  paypal *steam games  ,93.71,
11/21/2023,Direct Dep - COMPANY INC,,4451.76
04/19/2023,Unknown Charge 99,81.35,
12/23/2023,STARBUCKS STORE NY,117.29,
03/16/2023,PAYPAL *STEAM GAMES,124.36,
11/18/2023,UBER EATS,197.18,
10/03/2023,Spotify USA,92.65,
11/12/2023,UNKNOWN CHARGE 99,197.89,
09/07/2023,  starbucks store ny  ,107.24,
09/10/2023,UBER EATS,21.49,
03/27/2023,Direct Dep - COMPANY INC,,3670.9
05/15/2023,Spotify USA,168.73,
02/13/2023,  spotify usa  ,46.46,
09/02/2023,  uber trip 2938  ,155.44,
05/08/2023,Uber Trip 2938,188.6,
11/05/2023,Starbucks Store NY,138.61,
07/18/2023,Trgt *Target,65.04,
12/28/2023,  netflix.com  ,111.45,
09/07/2023,STARBUCKS #8329,51.63,
05/14/2023,Uber Trip 2938,35.76,
12/03/2023,  uber trip 2938  ,33.54,
10/14/2023,  uber trip 2938  ,13.3,
12/29/2023,  uber eats  ,26.69,
04/19/2023,Uber Trip 2938,134.58,
06/25/2023,UBER EATS,64.76,
02/16/2023,STARBUCKS #8329,181.74,
04/05/2023,COSTCO WHOLESALE,42.68,
10/23/2023,AMZN Mktp US,25.7,
06/15/2023,  netflix.com  ,31.71,
07/23/2023,SHELL OIL 12345,103.44,
11/29/2023,SHELL OIL 12345,16.39,
02/04/2023,Amazon.com*123,29.8,
10/09/2023,Trgt *Target,138.71,
11/15/2023,Uber Trip 2938,24.2,
04/14/2023,STARBUCKS #8329,155.15,
03/16/2023,Netflix.com,199.61,
06/16/2023,PAYPAL *STEAM GAMES,76.59,
09/17/2023,PAYPAL *STEAM GAMES,120.1,
03/02/2023,ACH Transfer,135.55,
11/19/2023,  paypal *steam games  ,102.79,
05/19/2023,COSTCO WHOLESALE,115.16,
06/19/2023,Spotify USA,165.96,
03/10/2023,Uber Trip 2938,163.59,
03/20/2023,Trgt *Target,35.17,
08/13/2023,Uber Trip 2938,155.88,
08/30/2023,PAYPAL *STEAM GAMES,182.35,
03/08/2023,  costco wholesale  ,108.76,
03/17/2023,  spotify usa  ,6.59,
06/24/2023,AMZN Mktp US,68.04,
08/06/2023,  shell oil 12345  ,140.66,
01/22/2023,COSTCO WHOLESALE,70.93,
02/25/2023,  unknown charge 99  ,171.9,
09/13/2023,  spotify usa  ,191.86,
02/26/2023,Direct Dep - COMPANY INC,,4005.97
05/30/2023,Netflix.com,102.42,
01/04/2023,Unknown Charge 99,144.62,
11/02/2023,Netflix.com,114.41,
08/17/2023,Netflix.com,128.29,
07/29/2023,NETFLIX.COM,187.88,
02/03/2023,ACH Transfer,119.11,
08/05/2023,UNKNOWN CHARGE 99,64.98,
07/06/2023,Starbucks Store NY,126.65,
10/18/2023,Direct Dep - COMPANY INC,,3610.97
04/20/2023,  amazon.com*123  ,164.24,
10/30/2023,  costco wholesale  ,125.24,
08/29/2023,PAYPAL *STEAM GAMES,111.46,
03/22/2023,  uber trip 2938  ,135.24,
03/14/2023,PAYPAL *STEAM GAMES,61.48,
03/01/2023,Amazon.com*123,199.28,
02/28/2023,PAYPAL *STEAM GAMES,20.44,
08/12/2023,TRGT *TARGET,88.82,
09/15/2023,STARBUCKS #8329,150.23,
06/30/2023,Amazon.com*123,58.62,
05/21/2023,COSTCO WHOLESALE,20.86,
07/24/2023,STARBUCKS #8329,147.56,
05/29/2023,COSTCO WHOLESALE,45.62,
03/22/2023,Uber Trip 2938,65.35,
09/14/2023,  starbucks #8329  ,21.96,
06/02/2023,STARBUCKS #8329,173.57,
08/12/2023,Spotify USA,164.29,
06/13/2023,UBER EATS,175.17,
08/14/2023,Spotify USA,70.9,
09/15/2023,Netflix.com,171.01,
09/03/2023,Trgt *Target,80.07,
05/02/2023,  starbucks #8329  ,172.99,
12/21/2023,Amazon.com*123,94.55,
05/15/2023,Trgt *Target,17.53,
11/02/2023,Unknown Charge 99,187.68,
09/01/2023,  uber eats  ,108.8,
01/09/2023,  netflix.com  ,105.56,
09/12/2023,PAYPAL *STEAM GAMES,14.26,
07/26/2023,  starbucks store ny  ,142.07,
04/17/2023,UBER EATS,126.55,
11/09/2023,AMZN Mktp US,161.2,
12/27/2023,PAYPAL *STEAM GAMES,67.13,
12/12/2023,Uber Trip 2938,25.93,
02/20/2023,STARBUCKS #8329,133.7,
07/10/2023,ACH Transfer,91.02,
03/27/2023,Uber Trip 2938,26.21,
06/23/2023,Trgt *Target,152.6,
05/03/2023,Netflix.com,165.48,
03/07/2023,Trgt *Target,37.0,
06/16/2023,Starbucks Store NY,137.11,
05/30/2023,Netflix.com,190.59,
08/03/2023,  amzn mktp us  ,172.53,
09/30/2023,UBER EATS,194.2,
01/29/2023,PAYPAL *STEAM GAMES,151.91,
04/30/2023,  shell oil 12345  ,118.24,
04/03/2023,Unknown Charge 99,21.37,
08/13/2023,AMZN Mktp US,43.07,
01/26/2023,PAYPAL *STEAM GAMES,34.15,
02/27/2023,SHELL OIL 12345,82.53,
06/23/2023,Starbucks Store NY,58.75,
12/19/2023,AMZN MKTP US,174.16,
12/05/2023,Spotify USA,160.87,
09/07/2023,COSTCO WHOLESALE,127.03,
05/05/2023,Spotify USA,137.42,
01/24/2023,Uber Trip 2938,78.48,
02/01/2023,Uber Trip 2938,161.29,
10/23/2023,ACH Transfer,24.89,
07/24/2023,Amazon.com*123,171.29,
07/16/2023,STARBUCKS #8329,53.26,
09/18/2023,SHELL OIL 12345,77.92,
08/09/2023,ACH Transfer,165.82,
05/03/2023,PAYPAL *STEAM GAMES,86.66,
11/19/2023,PAYPAL *STEAM GAMES,55.18,
01/05/2023,TRGT *TARGET,80.02,
12/05/2023,  amzn mktp us  ,136.65,
11/18/2023,Direct Dep - COMPANY INC,,4828.57
06/27/2023,Uber Trip 2938,47.43,
08/23/2023,SHELL OIL 12345,20.32,
02/27/2023,Uber Trip 2938,120.61,
04/03/2023,Spotify USA,15.79,
05/29/2023,UBER EATS,127.58,
07/12/2023,  starbucks #8329  ,61.06,
03/17/2023,Spotify USA,190.78,
07/16/2023,  uber eats  ,150.04,
09/05/2023,UBER EATS,21.84,
10/26/2023,Trgt *Target,130.08,
10/13/2023,STARBUCKS #8329,185.89,
04/14/2023,STARBUCKS #8329,34.57,
06/02/2023,DIRECT DEP - COMPANY INC,141.11,
01/07/2023,Direct Dep - COMPANY INC,,3213.89
05/10/2023,  ach transfer  ,62.13,
09/25/2023,Starbucks Store NY,84.97,
08/05/2023,  paypal *steam games  ,86.01,
08/07/2023,UNKNOWN CHARGE 99,34.87,
01/03/2023,AMZN Mktp US,50.41,
06/11/2023,Netflix.com,9.09,
06/30/2023,SHELL OIL 12345,152.92,
03/16/2023,Trgt *Target,105.92,
05/20/2023,  trgt *target  ,38.26,
02/04/2023,Uber Trip 2938,67.69,
07/28/2023,STARBUCKS #8329,118.12,
05/30/2023,  trgt *target  ,85.12,
04/25/2023,COSTCO WHOLESALE,100.8,
06/24/2023,Spotify USA,94.63,
03/03/2023,Uber Trip 2938,191.37,
08/15/2023,Starbucks Store NY,197.78,
12/04/2023,STARBUCKS STORE NY,161.32,
01/01/2024,AMAZON.COM*123,95.59,
07/24/2023,Uber Trip 2938,157.2,
09/12/2023,Amazon.com*123,62.98,
01/06/2023,PAYPAL *STEAM GAMES,142.04,
10/06/2023,NETFLIX.COM,128.8,
10/04/2023,PAYPAL *STEAM GAMES,143.06,
11/23/2023,ACH Transfer,191.76,
08/01/2023,  uber eats  ,20.33,
12/15/2023,Unknown Charge 99,71.93,
11/18/2023,  direct dep - company inc  ,23.17,
05/22/2023,AMZN Mktp US,22.78,
07/05/2023,AMZN Mktp US,161.6,
05/13/2023,COSTCO WHOLESALE,181.72,
05/14/2023,UBER EATS,96.7,
06/09/2023,  direct dep - company inc  ,93.02,
01/01/2024,UBER EATS,133.98,
11/07/2023,Direct Dep - COMPANY INC,,3935.12
12/23/2023,Direct Dep - COMPANY INC,,2359.88
06/30/2023,Trgt *Target,109.83,
06/30/2023,Starbucks Store NY,90.41,
10/07/2023,Spotify USA,141.48,
04/12/2023,Unknown Charge 99,162.32,
08/28/2023,  uber eats  ,150.6,
03/21/2023,UBER EATS,157.4,
02/09/2023,  ach transfer  ,28.74,
11/06/2023,  amazon.com*123  ,170.97,
05/23/2023,SHELL OIL 12345,94.07,
04/17/2023,ACH Transfer,15.22,
09/29/2023,COSTCO WHOLESALE,42.1,
05/18/2023,STARBUCKS #8329,145.92,
03/23/2023,SHELL OIL 12345,134.73,
02/21/2023,SHELL OIL 12345,118.74,
12/12/2023,Spotify USA,45.67,
08/03/2023,SHELL OIL 12345,151.45,
12/14/2023,Uber Trip 2938,135.64,
06/28/2023,Starbucks Store NY,44.92,
08/07/2023,Uber Trip 2938,192.43,
02/25/2023,PAYPAL *STEAM GAMES,91.5,
01/15/2023,COSTCO WHOLESALE,161.48,
12/04/2023,STARBUCKS #8329,125.36,
07/16/2023,TRGT *TARGET,93.5,
03/30/2023,Direct Dep - COMPANY INC,,2487.45
09/25/2023,Netflix.com,45.39,
02/06/2023,Spotify USA,7.49,
02/01/2023,Spotify USA,67.84,
07/04/2023,Netflix.com,193.43,
07/29/2023,COSTCO WHOLESALE,105.21,
04/21/2023,Trgt *Target,189.54,
05/25/2023,SHELL OIL 12345,118.19,
04/09/2023,Trgt *Target,137.67,
10/28/2023,Spotify USA,72.3,
03/08/2023,COSTCO WHOLESALE,26.06,
01/21/2023,Unknown Charge 99,29.36,
12/11/2023,Direct Dep - COMPANY INC,,3801.12
06/10/2023,Amazon.com*123,175.46,
05/14/2023,SHELL OIL 12345,10.81,
10/11/2023,AMAZON.COM*123,104.23,
11/05/2023,UBER EATS,58.06,
09/25/2023,Amazon.com*123,38.03,
07/08/2023,PAYPAL *STEAM GAMES,14.13,
06/06/2023,PAYPAL *STEAM GAMES,170.25,
04/15/2023,Amazon.com*123,106.54,
03/15/2023,Direct Dep - COMPANY INC,,2186.84
11/17/2023,Starbucks Store NY,11.78,
06/12/2023,STARBUCKS STORE NY,25.84,
05/09/2023,STARBUCKS #8329,111.92,
11/09/2023,ACH TRANSFER,42.86,
12/20/2023,UBER EATS,175.75,
02/07/2023,NETFLIX.COM,170.99,
09/07/2023,STARBUCKS #8329,54.11,
03/27/2023,ACH Transfer,58.58,
03/26/2023,Uber Trip 2938,146.52,
07/07/2023,Unknown Charge 99,144.3,
02/20/2023,SPOTIFY USA,181.46,
12/23/2023,ACH Transfer,20.15,
04/17/2023,Direct Dep - COMPANY INC,,3037.73
02/12/2023,Unknown Charge 99,180.97,
10/31/2023,PAYPAL *STEAM GAMES,6.22,
08/04/2023,COSTCO WHOLESALE,141.01,
02/18/2023,STARBUCKS #8329,110.81,
08/17/2023,ACH Transfer,108.92,
12/26/2023,Starbucks Store NY,40.08,
08/29/2023,Uber Trip 2938,124.56,
05/10/2023,SHELL OIL 12345,77.42,
04/11/2023,Amazon.com*123,24.44,
01/28/2023,SHELL OIL 12345,183.26,
03/22/2023,  amzn mktp us  ,38.96,
05/10/2023,SHELL OIL 12345,82.46,
12/21/2023,Netflix.com,28.4,
08/19/2023,Trgt *Target,77.29,
01/01/2023,Direct Dep - COMPANY INC,,2436.89
06/04/2023,DIRECT DEP - COMPANY INC,132.98,
04/15/2023,ACH TRANSFER,86.83,
03/31/2023,COSTCO WHOLESALE,122.26,
12/31/2023,AMZN Mktp US,182.04,
04/13/2023,COSTCO WHOLESALE,177.78,
09/23/2023,Uber Trip 2938,186.24,
09/16/2023,Spotify USA,14.75,
01/14/2023,COSTCO WHOLESALE,112.1,
05/10/2023,  unknown charge 99  ,60.46,
03/22/2023,Starbucks Store NY,100.82,
08/28/2023,ACH Transfer,61.92,
01/11/2023,Netflix.com,121.73,
08/29/2023,Unknown Charge 99,182.21,
02/11/2023,PAYPAL *STEAM GAMES,20.95,
02/01/2023,PAYPAL *STEAM GAMES,158.82,
01/15/2023,Unknown Charge 99,110.44,
01/07/2023,Uber Trip 2938,152.88,
12/27/2023,UBER EATS,84.35,
10/01/2023,ACH Transfer,14.19,
03/22/2023,COSTCO WHOLESALE,14.74,
10/30/2023,SHELL OIL 12345,101.0,
06/17/2023,AMAZON.COM*123,35.3,
08/17/2023,COSTCO WHOLESALE,83.68,
09/18/2023,Amazon.com*123,87.25,
09/05/2023,Netflix.com,184.65,
10/31/2023,UBER EATS,84.39,
02/09/2023,  uber eats  ,88.59,
07/07/2023,  uber trip 2938  ,186.97,
02/20/2023,TRGT *TARGET,161.29,
05/21/2023,Starbucks Store NY,31.67,
03/09/2023,UBER EATS,69.1,
08/04/2023,Trgt *Target,144.32,
06/12/2023,ACH Transfer,104.37,
10/23/2023,  amazon.com*123  ,145.91,
02/03/2023,Amazon.com*123,12.1,
06/02/2023,  uber eats  ,116.08,
02/06/2023,Starbucks Store NY,91.48,
11/16/2023,Amazon.com*123,180.52,
03/17/2023,PAYPAL *STEAM GAMES,131.48,
12/01/2023,Uber Trip 2938,88.9,
12/16/2023,AMZN Mktp US,27.48,
11/26/2023,UBER EATS,173.88,
03/26/2023,SHELL OIL 12345,158.47,
08/04/2023,  amzn mktp us  ,153.87,
07/13/2023,Direct Dep - COMPANY INC,,3674.77
03/11/2023,SHELL OIL 12345,65.67,
04/08/2023,Spotify USA,63.57,
08/08/2023,Netflix.com,102.49,
04/09/2023,  spotify usa  ,106.48,
03/05/2023,AMZN Mktp US,76.27,
01/13/2023,  uber trip 2938  ,151.18,
03/11/2023,Uber Trip 2938,13.81,
06/08/2023,Uber Trip 2938,46.3,
09/03/2023,Netflix.com,132.0,
10/31/2023,NETFLIX.COM,18.38,
05/15/2023,UBER EATS,80.12,
08/26/2023,SHELL OIL 12345,179.72,
04/28/2023,  paypal *steam games  ,17.49,
10/15/2023,  direct dep - company inc  ,78.69,
10/12/2023,UBER EATS,23.84,
01/11/2023,PAYPAL *STEAM GAMES,24.25,
11/29/2023,Spotify USA,165.12,
05/11/2023,COSTCO WHOLESALE,25.53,
04/11/2023,COSTCO WHOLESALE,150.64,
07/27/2023,STARBUCKS #8329,120.65,
02/07/2023,Direct Dep - COMPANY INC,,2946.81
07/30/2023,COSTCO WHOLESALE,131.37,
02/04/2023,Unknown Charge 99,130.27,
05/05/2023,PAYPAL *STEAM GAMES,129.6,
03/12/2023,Amazon.com*123,42.46,
06/20/2023,COSTCO WHOLESALE,187.73,
07/25/2023,PAYPAL *STEAM GAMES,124.57,
12/25/2023,Netflix.com,38.78,
02/07/2023,Starbucks Store NY,157.63,
11/14/2023,Uber Trip 2938,191.55,
08/02/2023,Trgt *Target,85.94,
05/20/2023,Starbucks Store NY,61.37,
08/19/2023,Amazon.com*123,60.46,
04/20/2023,ACH Transfer,141.94,
06/25/2023,Starbucks Store NY,54.05,
11/07/2023,Spotify USA,94.62,
02/05/2023,Direct Dep - COMPANY INC,,4920.08
03/04/2023,AMZN Mktp US,170.87,
12/16/2023,  trgt *target  ,86.14,
03/16/2023,PAYPAL *STEAM GAMES,89.62,
07/31/2023,Uber Trip 2938,117.67,
09/25/2023,Starbucks Store NY,101.36,
08/18/2023,Trgt *Target,28.03,
07/10/2023,Trgt *Target,159.83,
10/20/2023,Trgt *Target,6.26,
03/20/2023,  netflix.com  ,63.95,
10/30/2023,UBER EATS,28.68,
10/10/2023,STARBUCKS STORE NY,37.13,
10/04/2023,COSTCO WHOLESALE,28.3,
02/17/2023,Direct Dep - COMPANY INC,,4627.36
06/20/2023,ACH Transfer,185.85,
11/10/2023,Uber Trip 2938,80.85,
09/23/2023,SHELL OIL 12345,195.89,
08/26/2023,Starbucks Store NY,71.97,
06/16/2023,  starbucks #8329  ,107.37,
09/08/2023,Unknown Charge 99,170.39,
06/08/2023,PAYPAL *STEAM GAMES,71.26,
10/26/2023,Unknown Charge 99,93.42,
10/23/2023,  direct dep - company inc  ,57.29,
01/16/2023,SHELL OIL 12345,71.23,
09/01/2023,PAYPAL *STEAM GAMES,51.16,
10/28/2023,STARBUCKS #8329,113.28,
11/17/2023,ACH TRANSFER,91.11,
08/06/2023,  direct dep - company inc  ,31.26,
09/02/2023,COSTCO WHOLESALE,99.2,
02/28/2023,PAYPAL *STEAM GAMES,131.97,
06/25/2023,  spotify usa  ,52.9,
07/12/2023,Starbucks Store NY,188.63,
08/16/2023,COSTCO WHOLESALE,119.51,
09/10/2023,  shell oil 12345  ,127.03,
12/26/2023,UBER EATS,119.24,
05/10/2023,Netflix.com,136.7,
12/06/2023,Starbucks Store NY,19.94,
10/26/2023,Unknown Charge 99,87.74,
08/06/2023,PAYPAL *STEAM GAMES,179.47,
09/23/2023,  ach transfer  ,99.22,
09/03/2023,Direct Dep - COMPANY INC,,4181.82
12/14/2023,Amazon.com*123,175.12,
03/07/2023,  trgt *target  ,163.32,
05/17/2023,Netflix.com,187.76,
01/08/2023,Direct Dep - COMPANY INC,,2543.58
03/19/2023,Uber Trip 2938,148.6,
04/01/2023,AMZN Mktp US,119.26,
10/24/2023,  costco wholesale  ,43.7,
08/03/2023,PAYPAL *STEAM GAMES,55.03,
08/28/2023,Direct Dep - COMPANY INC,,4374.95
06/23/2023,PAYPAL *STEAM GAMES,80.74,
08/01/2023,Unknown Charge 99,80.73,
07/29/2023,Direct Dep - COMPANY INC,,4650.96
02/10/2023,SHELL OIL 12345,122.09,
07/09/2023,Starbucks Store NY,147.58,
05/30/2023,AMZN Mktp US,71.08,
11/11/2023,  uber trip 2938  ,83.25,
01/22/2023,SHELL OIL 12345,147.7,
05/25/2023,Trgt *Target,130.41,
11/02/2023,COSTCO WHOLESALE,154.32,
10/16/2023,  amazon.com*123  ,9.27,
09/04/2023,Amazon.com*123,126.01,
06/27/2023,Unknown Charge 99,16.08,
11/10/2023,  uber eats  ,48.03,
12/23/2023,  costco wholesale  ,35.34,
03/15/2023,AMZN Mktp US,32.41,
07/25/2023,  direct dep - company inc  ,112.56,
01/15/2023,Direct Dep - COMPANY INC,,4784.16
07/30/2023,AMZN MKTP US,10.14,
06/22/2023,  starbucks store ny  ,28.93,
10/28/2023,Trgt *Target,198.33,
03/01/2023,PAYPAL *STEAM GAMES,66.7,
08/30/2023,Starbucks Store NY,187.69,
08/03/2023,Direct Dep - COMPANY INC,,3367.31
04/23/2023,Starbucks Store NY,115.63,
12/11/2023,  amazon.com*123  ,85.18,
04/09/2023,Amazon.com*123,98.54,
10/22/2023,Netflix.com,94.54,
07/26/2023,STARBUCKS #8329,24.91,
06/10/2023,  starbucks store ny  ,142.22,
02/01/2023,  costco wholesale  ,189.41,
12/02/2023,PAYPAL *STEAM GAMES,120.32,
04/24/2023,Direct Dep - COMPANY INC,,3461.92
12/26/2023,ACH Transfer,83.87,
07/17/2023,STARBUCKS #8329,88.22,
10/09/2023,Unknown Charge 99,81.89,
10/15/2023,  trgt *target  ,168.61,
01/23/2023,SHELL OIL 12345,193.54,
11/04/2023,COSTCO WHOLESALE,41.05,
03/01/2023,ACH Transfer,113.76,
04/28/2023,  uber trip 2938  ,85.19,
09/12/2023,Netflix.com,103.95,
05/20/2023,COSTCO WHOLESALE,195.7,
01/30/2023,  costco wholesale  ,153.94,
12/11/2023,Starbucks Store NY,159.35,
04/17/2023,  spotify usa  ,11.49,
09/18/2023,Netflix.com,38.86,
04/20/2023,SHELL OIL 12345,127.92,
07/29/2023,UBER EATS,57.47,
05/31/2023,Unknown Charge 99,26.78,
03/04/2023,Unknown Charge 99,198.45,
04/13/2023,Netflix.com,75.06,
03/14/2023,ACH Transfer,154.79,
04/13/2023,  trgt *target  ,20.92,
05/12/2023,Amazon.com*123,118.24,
09/25/2023,  amzn mktp us  ,188.54,
08/01/2023,SHELL OIL 12345,145.11,
05/23/2023,UBER EATS,118.49,
02/23/2023,STARBUCKS #8329,181.42,
08/11/2023,Uber Trip 2938,46.58,
04/18/2023,ACH Transfer,195.32,
12/15/2023,COSTCO WHOLESALE,91.12,
07/24/2023,  direct dep - company inc  ,12.75,
09/17/2023,AMZN Mktp US,159.59,
05/19/2023,  trgt *target  ,143.34,
12/07/2023,  ach transfer  ,174.58,
12/17/2023,Starbucks Store NY,25.46,
07/09/2023,COSTCO WHOLESALE,28.9,
03/24/2023,PAYPAL *STEAM GAMES,50.85,
11/28/2023,SHELL OIL 12345,175.4,
08/19/2023,  netflix.com  ,105.44,
12/16/2023,  starbucks #8329  ,73.31,
06/21/2023,Unknown Charge 99,16.28,
10/05/2023,COSTCO WHOLESALE,65.87,
05/02/2023,  netflix.com  ,47.59,
04/03/2023,Unknown Charge 99,153.76,
03/05/2023,Trgt *Target,87.34,
12/03/2023,Amazon.com*123,132.46,
05/04/2023,Uber Trip 2938,91.28,
06/09/2023,SHELL OIL 12345,109.89,
10/19/2023,  starbucks store ny  ,84.9,
08/04/2023,  uber trip 2938  ,183.75,
03/06/2023,  starbucks #8329  ,103.18,
11/13/2023,Amazon.com*123,184.2,
06/21/2023,AMZN Mktp US,85.27,
03/08/2023,  netflix.com  ,19.7,
08/11/2023,  amzn mktp us  ,49.66,
05/11/2023,ACH Transfer,146.21,
03/21/2023,Uber Trip 2938,164.5,
02/13/2023,Direct Dep - COMPANY INC,,4084.65
03/21/2023,  spotify usa  ,78.13,
03/30/2023,SHELL OIL 12345,108.24,
11/04/2023,COSTCO WHOLESALE,92.68,
10/18/2023,Starbucks Store NY,105.03,
06/13/2023,Direct Dep - COMPANY INC,,3061.29
07/31/2023,  spotify usa  ,109.2,
03/22/2023,  starbucks #8329  ,102.71,
02/26/2023,PAYPAL *STEAM GAMES,190.53,
07/02/2023,COSTCO WHOLESALE,58.54,
06/18/2023,ACH Transfer,140.07,
12/04/2023,AMZN Mktp US,87.08,
01/12/2023,  direct dep - company inc  ,128.84,
07/21/2023,Unknown Charge 99,78.55,
05/16/2023,  amzn mktp us  ,91.94,
10/13/2023,Unknown Charge 99,84.14,
09/13/2023,STARBUCKS #8329,69.34,
03/22/2023,Spotify USA,191.16,
05/21/2023,  spotify usa  ,90.88,
08/07/2023,SHELL OIL 12345,151.83,
04/17/2023,Starbucks Store NY,108.9,
12/17/2023,Trgt *Target,124.42,
03/24/2023,  amzn mktp us  ,176.54,
04/12/2023,ACH Transfer,162.31,
12/21/2023,  starbucks store ny  ,192.41,
05/30/2023,STARBUCKS STORE NY,113.79,
05/29/2023,Spotify USA,58.25,
09/22/2023,  ach transfer  ,43.45,
11/09/2023,UBER EATS,82.9,
05/07/2023,Trgt *Target,14.95,
05/07/2023,Uber Trip 2938,110.26,
08/02/2023,Starbucks Store NY,10.82,
05/29/2023,TRGT *TARGET,62.31,
09/16/2023,Netflix.com,83.61,
02/23/2023,  starbucks store ny  ,136.54,
05/29/2023,AMZN Mktp US,33.79,
07/07/2023,COSTCO WHOLESALE,17.9,
07/13/2023,Amazon.com*123,57.04,
11/08/2023,  unknown charge 99  ,86.08,
01/01/2024,Amazon.com*123,161.56,
10/13/2023,Starbucks Store NY,112.91,
02/05/2023,ACH Transfer,67.43,
12/28/2023,Direct Dep - COMPANY INC,,2164.83
06/18/2023,  paypal *steam games  ,19.66,
07/13/2023,Trgt *Target,148.27,
04/21/2023,Uber Trip 2938,143.59,
06/01/2023,ACH TRANSFER,93.51,
01/14/2023,SHELL OIL 12345,35.47,
05/18/2023,Starbucks Store NY,86.19,
12/31/2023,UBER EATS,75.22,
01/13/2023,  starbucks store ny  ,82.89,
01/02/2023,Starbucks Store NY,83.52,
03/16/2023,Unknown Charge 99,142.22,
12/08/2023,Trgt *Target,172.77,
02/13/2023,Spotify USA,7.15,
03/18/2023,AMAZON.COM*123,125.3,
11/20/2023,Netflix.com,133.69,
01/01/2024,Unknown Charge 99,51.23,
02/18/2023,  uber trip 2938  ,104.17,
11/23/2023,UNKNOWN CHARGE 99,172.9,
02/19/2023,  shell oil 12345  ,89.17,
10/12/2023,  uber eats  ,82.65,
02/20/2023,Spotify USA,19.22,
11/18/2023,Starbucks Store NY,90.65,
07/28/2023,ACH Transfer,89.14,
03/11/2023,Netflix.com,8.58,
09/24/2023,Uber Trip 2938,51.7,
08/30/2023,Unknown Charge 99,136.59,
08/04/2023,AMAZON.COM*123,112.36,
06/01/2023,Unknown Charge 99,9.67,
03/08/2023,Direct Dep - COMPANY INC,,2724.88
12/20/2023,Unknown Charge 99,119.48,
09/14/2023,STARBUCKS #8329,179.31,
07/30/2023,AMZN Mktp US,129.06,
12/22/2023,ACH Transfer,7.57,
06/18/2023,ACH Transfer,120.24,
03/30/2023,COSTCO WHOLESALE,58.75,
04/20/2023,  starbucks #8329  ,91.83,
05/31/2023,AMZN Mktp US,153.66,
06/24/2023,SHELL OIL 12345,86.92,
12/04/2023,Amazon.com*123,48.46,
02/07/2023,AMZN Mktp US,52.79,
07/18/2023,SHELL OIL 12345,96.49,
06/11/2023,ACH Transfer,99.74,
05/14/2023,STARBUCKS #8329,30.11,
06/21/2023,Uber Trip 2938,7.77,
05/10/2023,UBER EATS,127.44,
01/22/2023,PAYPAL *STEAM GAMES,97.66,
07/14/2023,PAYPAL *STEAM GAMES,47.54,
08/05/2023,Starbucks Store NY,17.61,
04/05/2023,STARBUCKS #8329,152.44,
07/17/2023,UBER EATS,115.35,
12/06/2023,Amazon.com*123,11.95,
02/05/2023,  costco wholesale  ,137.04,
08/28/2023,AMZN Mktp US,136.2,
03/02/2023,Amazon.com*123,131.08,
11/10/2023,UNKNOWN CHARGE 99,34.93,
02/21/2023,SHELL OIL 12345,19.88,
12/26/2023,Uber Trip 2938,45.24,
06/08/2023,Amazon.com*123,6.07,
09/17/2023,Unknown Charge 99,186.95,
04/24/2023,AMZN Mktp US,104.33,
07/02/2023,Spotify USA,8.66,
10/17/2023,Direct Dep - COMPANY INC,,3810.83
